{"cameraMode":{"drawMode":0,"name":"Shaded","section":"Shading Mode"},"sceneLighting":true,"audioPlay":false,"sceneViewState":{"m_AlwaysRefresh":false,"showFog":true,"showSkybox":true,"showFlares":true,"showImageEffects":true,"showParticleSystems":true,"showVisualEffectGraphs":true,"m_FxEnabled":true},"in2DMode":false,"pivot":{"x":190.56886291503907,"y":-1.3036041259765626,"z":122.7889404296875},"rotation":{"x":-0.15322895348072053,"y":0.03445027396082878,"z":-0.005320899188518524,"w":-0.9877504110336304},"size":332.7962341308594,"orthographic":false}