{"cameraMode":{"drawMode":0,"name":"Shaded","section":"Shading Mode"},"sceneLighting":false,"audioPlay":false,"sceneViewState":{"m_AlwaysRefresh":false,"showFog":true,"showSkybox":false,"showFlares":true,"showImageEffects":true,"showParticleSystems":true,"showVisualEffectGraphs":true,"m_FxEnabled":true},"in2DMode":false,"pivot":{"x":-2.9772937297821047,"y":8.161233901977539,"z":4.939669609069824},"rotation":{"x":-0.000677797244861722,"y":0.967957615852356,"z":-0.25109174847602847,"w":-0.0026123810093849899},"size":15.634437561035157,"orthographic":false}