{"cameraMode":{"drawMode":0,"name":"Shaded","section":"Shading Mode"},"sceneLighting":false,"audioPlay":false,"sceneViewState":{"m_AlwaysRefresh":false,"showFog":true,"showSkybox":false,"showFlares":true,"showImageEffects":true,"showParticleSystems":true,"showVisualEffectGraphs":true,"m_FxEnabled":true},"in2DMode":false,"pivot":{"x":638.0886840820313,"y":41.452903747558597,"z":0.97979736328125},"rotation":{"x":-0.053299255669116977,"y":-0.05653838440775871,"z":0.003032540436834097,"w":-0.9971432685852051},"size":83.81526947021485,"orthographic":false}