{"cameraMode":{"drawMode":0,"name":"Shaded","section":"Shading Mode"},"sceneLighting":true,"audioPlay":false,"sceneViewState":{"m_AlwaysRefresh":false,"showFog":true,"showSkybox":false,"showFlares":true,"showImageEffects":true,"showParticleSystems":true,"showVisualEffectGraphs":true,"m_FxEnabled":true},"in2DMode":false,"pivot":{"x":186.8000030517578,"y":3.1181015968322756,"z":-187.6999969482422},"rotation":{"x":0.020041879266500474,"y":0.9581601619720459,"z":-0.07003749907016754,"w":0.27734965085983279},"size":18.942649841308595,"orthographic":true}